timestamp,f1,f2,t1,h1,t2,h2,t3,h4,af,t4,wm,t5,h3
1593598815,1,1,22.6,66,24.9,75,25.3,68,3.69,91.71,120,40.87,114.17
1593598817,1,1,22.6,66,24.9,75,25.3,68,3.04,95.17,120,38.23,114.17
1593598819,1,1,22.6,65,24.9,75,25.3,68,2.88,88.6,120,39.26,114.17
1593598822,1,1,22.6,66,24.9,75,25.3,68,3.04,88.6,120,40.87,113.33
1593598824,1,1,22.6,66,24.9,75,25.3,68,3.22,91.71,120,39.78,113.33
1593598826,1,1,22.6,66,24.9,75,25.3,68,3.13,91.71,120,40.32,113.33
1593598828,1,1,22.6,66,24.9,75,25.3,68,3.69,91.71,120,39.26,113.33
1593598830,1,1,22.6,66,24.9,75,25.3,68,3.4,91.71,120,40.32,113.33
1593598832,1,1,22.6,66,24.9,75,25.3,68,3.4,91.71,120,40.87,113.33
1593598834,1,1,22.6,66,24.9,75,25.3,68,3.31,88.6,120,40.32,113.33
1593598837,1,1,22.6,65,24.9,75,25.3,68,3.13,91.71,120,39.26,113.33
1593598839,1,1,22.6,65,24.9,75,25.3,68,3.36,91.71,120,38.74,113.33
1593598841,1,1,22.6,65,24.9,75,25.3,68,3.45,88.6,120,40.32,113.33
1593598843,1,1,22.6,65,24.9,75,25.3,68,2.84,88.6,120,40.32,113.33
1593598845,1,1,22.6,65,24.9,75,25.3,68,3.09,91.71,120,38.23,113.33
1593598847,1,1,22.5,65,24.9,75,25.3,68,3.09,91.71,120,38.74,112.49
1593598849,1,1,22.5,65,24.9,75,25.3,68,3.09,91.71,120,39.78,112.49
1593598852,1,1,22.5,65,24.9,75,25.3,68,3.5,91.71,120,40.87,112.49
1593598854,1,1,22.6,65,24.9,75,25.3,68,3.31,91.71,120,39.26,112.49
1593598856,1,1,22.5,65,24.9,75,25.3,68,3.22,91.71,120,39.26,112.49
1593598858,1,1,22.5,65,24.9,75,25.3,68,3.09,91.71,120,38.74,112.49
1593598861,1,1,22.5,65,24.9,75,25.3,68,3.36,91.71,120,40.87,112.49
1593598863,1,1,22.5,65,24.9,75,25.3,67,3.01,91.71,120,40.87,112.49
1593598864,1,1,22.5,65,24.9,75,25.3,67,3.01,91.71,120,40.32,112.49
1593598867,1,1,22.5,65,24.9,75,25.3,67,3.27,91.71,120,40.87,112.49
1593598869,1,1,22.5,65,24.9,75,25.3,67,3.09,91.71,120,40.87,112.49
1593598871,1,1,22.4,65,24.9,75,25.3,67,3.18,91.71,120,39.78,112.49
1593598873,1,1,22.4,65,24.9,75,25.3,68,3.45,91.71,120,38.74,112.49
1593598875,1,1,22.4,65,24.9,75,25.3,68,3.36,91.71,120,39.78,112.49
1593598877,1,1,22.4,65,24.9,75,25.3,67,3.27,91.71,120,40.87,112.49
1593598879,1,1,22.4,65,24.9,75,25.3,67,2.84,91.71,120,38.74,111.64
1593598882,1,1,22.4,66,24.9,75,25.3,68,3.09,91.71,120,38.74,111.64
1593598884,1,1,22.4,66,24.9,75,25.3,68,3.36,91.71,120,38.74,111.64
1593598886,1,1,22.4,66,24.9,75,25.3,68,3.27,91.71,120,39.26,111.64
1593598888,1,1,22.4,65,24.9,75,25.3,68,3.01,91.71,120,39.26,111.64
1593598890,1,1,22.4,65,24.9,75,25.3,68,3.01,91.71,120,39.78,111.64
1593598892,1,1,22.4,65,24.9,75,25.3,68,3.09,91.71,120,40.32,111.64
1593598894,1,1,22.4,65,24.9,75,25.3,68,3.55,88.6,120,38.23,111.64
1593598897,1,1,22.4,65,24.9,75,25.3,68,3.27,91.71,120,38.23,111.64
1593598899,1,1,22.4,66,24.9,75,25.3,68,3.55,91.71,120,40.32,111.64
1593598901,1,1,22.4,66,24.9,75,25.3,68,3.64,88.6,120,38.74,111.64
1593598903,1,1,22.5,66,24.9,75,25.3,68,3.31,91.71,120,40.87,111.64
1593598905,1,1,22.5,66,24.9,75,25.3,68,3.22,91.71,120,39.78,110.8
1593598907,1,1,22.5,66,24.9,75,25.3,68,3.5,91.71,120,38.23,110.8
1593598909,1,1,22.5,66,24.9,75,25.3,68,3.4,91.71,120,40.87,110.8
1593598912,1,1,22.5,66,24.9,75,25.3,68,3.22,91.71,120,39.78,110.8
1593598914,1,1,22.5,65,24.9,75,25.3,68,3.04,91.71,120,39.26,110.8
1593598916,1,1,22.5,65,24.9,75,25.3,68,3.09,91.71,120,39.26,110.8
1593598918,1,1,22.5,65,24.9,75,25.3,68,2.96,91.71,120,39.26,110.8
1593598920,1,1,22.5,65,24.9,75,25.3,68,3.18,91.71,120,38.74,110.8
1593598922,1,1,22.5,65,24.9,75,25.3,68,3.36,91.71,120,38.74,110.8
1593598924,1,1,22.5,65,24.9,75,25.3,67,2.92,91.71,120,40.87,110.8
1593598927,1,1,22.5,65,24.9,75,25.3,67,2.96,91.71,120,38.74,110.8
1593598929,1,1,22.5,65,24.9,75,25.3,67,3.27,91.71,120,40.87,110.8
1593598931,1,1,22.5,65,24.9,75,25.3,67,3.55,91.71,120,40.87,110.8
1593598933,1,1,22.5,65,24.9,75,25.3,67,2.84,91.71,120,39.26,109.95
1593598935,1,1,22.5,65,24.9,75,25.3,68,3.18,91.71,120,39.78,109.95
1593598937,1,1,22.5,65,24.9,75,25.3,68,3.01,91.71,120,39.26,109.95
1593598939,1,1,22.4,65,24.9,75,25.3,68,2.92,91.71,120,38.74,109.95
1593598942,1,1,22.4,65,24.9,75,25.3,68,3.18,91.71,120,39.26,109.95
1593598944,1,1,22.4,65,24.9,75,25.3,68,3.27,91.71,120,40.87,109.95
1593598946,1,1,22.4,65,24.9,75,25.3,68,2.84,91.71,120,38.74,109.95
1593598948,1,1,22.4,65,24.9,75,25.3,68,3.45,91.71,120,38.74,109.95
1593598950,1,1,22.4,65,24.9,75,25.3,68,3.09,91.71,120,39.26,109.95
1593598952,1,1,22.4,65,24.9,75,25.3,68,3.27,91.71,120,40.87,109.95
1593598954,1,1,22.4,65,24.9,75,25.3,68,3.36,91.71,120,40.32,109.95
1593598957,1,1,22.4,65,24.9,75,25.3,68,2.92,91.71,120,39.78,109.11
1593598959,1,1,22.4,65,24.9,75,25.3,68,3.27,91.71,120,39.78,109.11
1593598961,1,1,22.4,66,24.9,75,25.3,68,3.36,91.71,120,38.74,109.11
1593598963,1,1,22.4,66,24.9,75,25.3,68,3.18,91.71,120,40.32,109.11
1593598965,1,1,22.4,66,24.9,75,25.3,68,2.92,91.71,120,40.87,109.11
1593598967,1,1,22.4,66,24.9,75,25.3,68,3.01,91.71,120,40.87,109.11
1593598969,1,1,22.5,66,24.9,75,25.3,68,3.55,91.71,120,38.23,109.11
1593598972,1,1,22.4,66,24.9,75,25.3,68,3.69,91.71,120,38.23,109.11
1593598974,1,1,22.4,66,24.9,75,25.3,68,3.13,91.71,120,39.26,109.11
1593598976,1,1,22.5,66,24.9,75,25.3,68,3.59,91.71,120,40.32,109.11
1593598978,1,1,22.5,66,24.9,75,25.3,68,3.4,95.17,120,40.32,109.11
1593598980,1,1,22.5,66,24.9,75,25.3,68,3.59,91.71,120,38.74,109.11
1593598982,1,1,22.5,66,24.9,75,25.3,68,3.22,91.71,120,40.87,108.26
1593598984,1,1,22.5,66,24.9,75,25.3,68,3.31,91.71,120,39.26,108.26
1593598987,1,1,22.5,66,24.9,75,25.3,68,2.96,91.71,120,38.74,108.26
1593598989,1,1,22.5,65,24.9,75,25.3,68,3.13,95.17,120,40.87,108.26
1593598991,1,1,22.5,65,24.9,75,25.3,68,2.71,91.71,120,38.74,108.26
1593598993,1,1,22.5,65,24.9,75,25.3,68,2.88,91.71,120,40.87,108.26
1593598995,1,1,22.5,65,24.9,75,25.3,68,2.71,91.71,120,40.32,108.26
1593598997,1,1,22.5,65,24.9,75,25.3,68,3.13,91.71,120,39.26,108.26
1593598999,1,1,22.5,65,24.9,75,25.3,68,3.5,91.71,120,39.26,108.26
1593599002,1,1,22.5,65,24.9,75,25.3,68,3.4,91.71,120,38.74,108.26
1593599004,1,1,22.5,65,24.9,75,25.3,68,3.22,91.71,120,39.26,108.26
1593599006,1,1,22.5,65,24.9,75,25.3,68,3.31,91.71,120,40.87,108.26
1593599008,1,1,22.5,65,24.9,75,25.3,68,2.96,91.71,120,40.32,108.26
1593599010,1,1,22.5,65,24.9,75,25.3,68,3.04,91.71,120,39.26,107.42
1593599012,1,1,22.5,65,24.9,75,25.3,68,3.13,91.71,120,38.74,107.42
1593599014,1,1,22.5,66,24.9,75,25.3,68,3.22,91.71,120,39.78,107.42
1593599017,1,1,22.5,66,24.9,75,25.3,68,3.59,91.71,120,39.78,107.42
1593599019,1,1,22.5,65,24.9,75,25.3,68,3.01,91.71,120,40.87,107.42
1593599021,1,1,22.5,65,24.9,75,25.3,68,3.13,91.71,120,39.78,107.42
1593599023,1,1,22.5,65,24.9,75,25.3,68,3.09,91.71,120,40.32,107.42
1593599025,1,1,22.5,65,24.9,75,25.3,68,3.01,91.71,120,39.26,107.42
1593599027,1,1,22.5,65,24.9,75,25.3,68,3.18,91.71,120,41.43,107.42
1593599029,1,1,22.5,65,24.9,75,25.3,68,3.55,91.71,120,39.78,107.42
1593599032,1,1,22.5,65,24.9,75,25.3,68,2.92,91.71,120,39.78,107.42
1593599034,1,1,22.5,65,24.9,75,25.3,68,3.5,91.71,120,40.87,107.42
1593599036,1,1,22.5,65,24.9,75,25.3,68,2.92,91.71,120,40.32,106.57
1593599038,1,1,22.5,65,24.9,75,25.3,68,3.27,91.71,120,40.87,106.57
1593599040,1,1,22.5,65,24.9,75,25.3,68,3.09,91.71,120,40.87,106.57
1593599042,1,1,22.5,65,24.9,75,25.3,67,3.09,91.71,120,39.78,106.57
1593599044,1,1,22.5,65,24.9,75,25.3,68,3.18,91.71,120,40.87,106.57
1593599047,1,1,22.5,65,24.9,75,25.3,68,3.01,91.71,120,40.87,106.57
1593599049,1,1,22.4,65,24.9,75,25.3,68,3.01,91.71,120,41.43,106.57
1593599051,1,1,22.5,65,24.9,75,25.3,68,3.55,91.71,120,40.87,106.57
1593599053,1,1,22.5,65,24.9,75,25.3,68,3.31,91.71,120,39.78,106.57
1593599055,1,1,22.5,66,24.9,75,25.3,68,3.04,91.71,120,38.74,106.57
1593599057,1,1,22.5,65,24.9,75,25.3,68,3.04,91.71,120,40.87,106.57
1593599059,1,1,22.5,65,24.9,75,25.3,68,3.31,91.71,120,40.32,105.73
1593599062,1,1,22.5,66,24.9,75,25.3,68,3.13,91.71,120,38.74,106.57
1593599064,1,1,22.5,65,24.9,75,25.3,68,3.22,91.71,120,40.87,105.73
1593599066,1,1,22.5,65,24.9,75,25.3,68,3.13,91.71,120,39.26,105.73
1593599068,1,1,22.5,65,24.9,75,25.3,68,3.4,91.71,120,40.32,105.73
1593599070,1,1,22.5,65,24.9,75,25.3,68,2.79,91.71,120,39.26,105.73
1593599072,1,1,22.6,65,24.9,75,25.3,68,3.04,91.71,120,40.87,105.73
1593599074,1,1,22.6,65,24.9,75,25.3,68,3.63,91.71,120,40.87,105.73
1593599077,1,1,22.6,65,24.9,75,25.3,68,3.35,91.71,120,40.32,105.73
1593599079,1,1,22.6,65,24.9,75,25.3,68,3.26,91.71,120,41.43,105.73
1593599081,1,1,22.6,65,24.9,75,25.3,68,2.83,91.71,120,40.87,105.73
1593599083,1,1,22.6,65,24.9,75,25.3,68,3.08,91.71,120,38.74,104.89
1593599085,1,1,22.6,65,24.9,75,25.3,68,2.91,99.05,120,40.32,105.73
1593599087,1,1,22.6,65,24.9,75,25.3,68,3.3,95.17,120,39.26,105.73
1593599089,1,1,22.6,65,24.9,75,25.3,68,3.5,99.05,120,40.32,105.73
1593599092,1,1,22.6,65,24.9,75,25.3,68,3.59,95.17,120,40.32,104.89
1593599094,1,1,22.6,65,24.9,75,25.3,68,3.5,95.17,120,40.87,104.89
1593599096,1,1,22.6,65,24.9,75,25.3,68,3.04,198.87,120,39.26,104.89
1593599098,1,1,22.5,65,24.9,75,25.3,68,3.31,91.71,0,39.78,104.89
1593599101,1,1,22.5,65,24.9,75,25.3,68,3.59,91.71,0,40.32,104.04
1593599109,1,1,22.5,65,24.9,75,25.3,68,3.4,91.71,0,40.32,104.04
1593599111,1,1,22.5,65,24.9,75,25.3,68,3.04,91.71,0,39.26,104.04
1593599112,1,1,22.5,65,24.9,75,25.3,68,3.31,88.6,0,39.26,104.04
1593599114,1,1,22.5,65,24.9,75,25.3,68,3.01,88.6,120,39.26,104.04
1593599116,1,1,22.5,65,24.9,74,25.3,68,3.05,91.71,120,38.23,104.04
1593599117,1,1,22.5,65,24.9,74,25.3,68,3.01,88.6,120,38.74,104.04
1593599119,1,1,22.4,65,24.9,74,25.3,68,3.45,88.6,120,39.78,104.04
1593599121,1,1,22.4,65,24.9,74,25.3,67,3.18,88.6,120,39.26,104.04
1593599122,1,1,22.4,65,24.9,74,25.3,67,3.64,88.6,120,37.73,104.04
1593599124,1,1,22.5,65,24.9,74,25.3,67,3.27,88.6,120,39.78,104.04
1593599126,1,1,22.5,65,24.9,74,25.3,67,3.36,88.6,120,39.26,104.04
1593599127,1,1,22.5,65,24.9,74,25.3,67,3.18,88.6,120,37.73,104.04
1593599129,1,1,22.5,65,24.9,74,25.3,67,3.01,88.6,120,39.78,104.04
1593599131,1,1,22.5,65,24.9,74,25.3,67,3.18,88.6,120,39.26,104.04
1593599133,1,1,22.5,65,24.9,74,25.3,67,3.36,88.6,120,38.23,104.04
1593599134,1,1,22.5,65,24.9,74,25.3,67,3.09,88.6,120,38.74,104.04
1593599137,1,1,22.4,65,24.9,74,25.3,67,2.92,88.6,120,39.26,103.2
1593599139,1,1,22.4,65,24.9,74,25.3,67,3.09,88.6,120,38.23,103.2
1593599141,1,1,22.4,65,24.9,74,25.3,67,3.18,88.6,120,39.26,103.2
1593599143,1,1,22.4,65,24.9,74,25.3,67,3.45,88.6,120,38.74,103.2
1593599145,1,1,22.4,65,24.8,74,25.2,67,2.84,85.78,120,38.74,103.2
1593599147,1,1,22.4,65,24.8,74,25.3,67,3.27,88.6,120,38.23,103.2
1593599149,1,1,22.4,65,24.8,74,25.3,67,3.27,88.6,120,38.23,103.2
1593599152,1,1,22.4,65,24.8,74,25.3,67,3.18,88.6,120,37.73,103.2
1593599154,1,1,22.4,65,24.8,74,25.3,67,3.18,88.6,120,39.26,103.2
1593599156,1,1,22.4,65,24.8,74,25.3,67,2.92,88.6,120,38.23,103.2
1593599158,1,1,22.4,65,24.8,74,25.3,67,3.27,88.6,120,38.74,103.2
1593599160,1,1,22.4,65,24.8,74,25.3,67,3.36,88.6,120,39.26,103.2
1593599162,1,1,22.4,65,24.8,74,25.3,67,3.45,88.6,120,38.23,103.2
1593599164,1,1,22.4,65,24.8,74,25.2,67,3.18,88.6,120,39.78,103.2
1593599167,1,1,22.4,65,24.8,74,25.2,67,3.5,88.6,120,38.23,102.35
1593599169,1,1,22.4,65,24.8,74,25.2,67,3.23,88.6,120,38.74,103.2
1593599171,1,1,22.4,65,24.8,74,25.2,67,3.23,88.6,120,37.73,102.35
1593599173,1,1,22.4,65,24.8,74,25.3,67,3.32,88.6,120,39.26,102.35
1593599175,1,1,22.4,65,24.8,74,25.2,67,3.14,88.6,120,38.74,102.35
1593599177,1,1,22.4,65,24.8,74,25.2,67,3.14,88.6,120,39.26,102.35
1593599179,1,1,22.4,65,24.8,74,25.2,67,3.5,88.6,120,39.78,102.35
1593599182,1,1,22.4,65,24.8,74,25.2,67,3.14,88.6,120,38.23,102.35
1593599184,1,1,22.4,65,24.8,74,25.2,67,3.32,88.6,120,38.23,102.35
1593599186,1,1,22.4,65,24.8,74,25.2,67,3.41,88.6,120,38.74,102.35
1593599188,1,1,22.4,65,24.8,74,25.2,67,3.05,88.6,120,38.23,102.35
1593599190,1,1,22.4,65,24.8,74,25.2,67,3.23,88.6,120,38.23,102.35
1593599192,1,1,22.4,65,24.8,74,25.2,67,3.41,88.6,120,40.32,101.51
1593599194,1,1,22.4,65,24.8,74,25.2,67,3.05,88.6,120,40.32,102.35
1593599197,1,1,22.4,65,24.8,74,25.2,67,3.32,88.6,120,38.74,102.35
1593599199,1,1,22.4,65,24.8,74,25.2,67,3.23,91.71,120,38.74,101.51
1593599201,1,1,22.4,65,24.8,74,25.2,67,3.05,88.6,120,40.32,101.51
1593599203,1,1,22.4,65,24.8,74,25.2,67,3.23,88.6,120,38.74,101.51
1593599205,1,1,22.4,65,24.8,74,25.2,67,3.05,88.6,120,40.32,101.51
1593599207,1,1,22.4,65,24.8,74,25.2,68,3.32,88.6,120,40.32,101.51
1593599209,1,1,22.4,65,24.8,74,25.2,68,3.5,88.6,120,38.74,101.51
1593599212,1,1,22.4,65,24.8,74,25.2,68,3.55,88.6,120,39.78,101.51
1593599214,1,1,22.4,65,24.8,74,25.2,68,3.45,88.6,120,38.74,101.51
1593599216,1,1,22.4,65,24.8,75,25.2,68,3.01,88.6,120,38.74,101.51
1593599218,1,1,22.4,65,24.8,74,25.2,68,3.45,88.6,120,39.26,101.51
1593599220,1,1,22.4,65,24.8,75,25.2,68,3.45,88.6,120,38.74,101.51
1593599222,1,1,22.4,65,24.8,75,25.2,68,3.09,88.6,120,40.32,101.51
1593599224,1,1,22.4,65,24.8,75,25.2,68,3.36,88.6,120,40.32,101.51
1593599227,1,1,22.4,65,24.8,75,25.2,68,3.27,88.6,120,40.32,100.66
1593599229,1,1,22.4,65,24.8,75,25.2,68,3.09,88.6,120,38.74,100.66
1593599231,1,1,22.4,65,24.8,75,25.2,68,3.55,91.71,120,40.87,100.66
1593599233,1,1,22.5,66,24.8,75,25.2,68,3.27,99.05,120,40.32,100.66
1593599235,1,1,22.5,66,24.8,75,25.2,68,3.22,95.17,120,39.26,100.66
1593599237,1,1,22.5,66,24.8,75,25.2,68,3.59,198.87,120,38.74,100.66
1593599239,1,1,22.5,66,24.8,75,25.3,68,3.69,99.05,0,38.23,100.66
1593599242,1,1,22.5,66,24.8,75,25.2,68,3.17,88.6,0,38.23,99.82
1593599244,1,1,22.5,66,24.8,75,25.2,68,3.04,88.6,120,39.78,100.66
1593599246,1,1,22.5,66,24.8,75,25.2,68,2.96,88.6,120,38.74,100.66
1593599248,1,1,22.5,66,24.8,75,25.2,68,3.22,88.6,120,40.32,99.82
1593599250,1,1,22.5,66,24.8,75,25.2,68,2.88,88.6,120,38.74,99.82
1593599252,1,1,22.6,65,24.8,75,25.2,68,3.35,95.17,120,39.78,100.66
1593599254,1,1,22.6,65,24.8,75,25.2,68,3.08,95.17,120,39.78,99.82
1593599257,1,1,22.5,65,24.8,75,25.2,68,3.54,103.47,120,39.78,100.66
1593599259,1,1,22.6,65,24.8,75,25.2,68,3.44,88.6,0,38.23,98.97
1593599261,1,1,22.6,65,24.8,75,25.2,68,3.17,88.6,120,39.26,99.82
1593599263,1,1,22.6,65,24.8,75,25.2,68,3.35,88.6,120,39.78,99.82
1593599265,1,1,22.6,65,24.8,75,25.2,68,3.17,88.6,120,39.78,99.82
1593599267,1,1,22.6,65,24.8,74,25.2,68,3.17,88.6,120,38.74,99.82
1593599269,1,1,22.6,65,24.8,74,25.2,68,3.31,88.6,120,39.78,99.82
1593599272,1,1,22.6,65,24.8,74,25.2,67,3.22,121.97,120,38.74,99.82
1593599274,1,1,22.6,65,24.8,74,25.2,67,3.4,91.71,0,37.73,98.97
1593599276,1,1,22.5,65,24.8,74,25.2,67,3.69,114.62,0,39.26,98.97
1593599278,1,1,22.6,65,24.8,74,25.2,67,3.31,88.6,0,39.26,98.97
1593599280,1,1,22.5,65,24.8,74,25.2,67,2.92,88.6,120,39.78,98.97
1593599282,1,1,22.5,65,24.8,74,25.2,67,3.64,88.6,120,39.26,98.97
1593599284,1,1,22.5,65,24.8,74,25.2,67,3.27,88.6,120,39.26,98.97
1593599286,1,1,22.5,65,24.8,74,25.2,67,3.18,131.29,120,39.26,98.97
1593599289,1,1,22.5,65,24.8,74,25.3,67,3.22,88.6,0,38.74,98.97
1593599291,1,1,22.5,65,24.8,74,25.2,67,3.36,88.6,120,37.73,98.97
1593599293,1,1,22.5,65,24.8,74,25.2,67,2.84,91.71,120,37.73,98.97
1593599295,1,1,22.5,65,24.8,74,25.2,67,3.36,91.71,120,37.73,98.97
1593599297,1,1,22.5,65,24.8,74,25.2,67,3.18,85.78,120,37.25,98.97
1593599299,1,1,22.5,65,24.8,74,25.2,67,3.18,85.78,120,38.23,98.13
1593599301,1,1,22.5,65,24.8,74,25.2,67,3.27,88.6,120,38.74,98.13
1593599304,1,1,22.5,65,24.8,73,25.2,67,3.55,85.78,120,38.74,98.13
1593599306,1,1,22.5,65,24.8,74,25.2,67,3.18,85.78,120,39.26,98.13
1593599308,1,1,22.4,65,24.8,74,25.2,66,2.92,85.78,120,38.74,98.13
1593599310,1,1,22.5,65,24.8,73,25.2,67,2.92,88.6,120,39.26,98.13
1593599312,1,1,22.4,65,24.8,74,25.2,67,3.18,85.78,120,38.74,98.13
1593599314,1,1,22.4,65,24.8,74,25.2,67,3.36,88.6,120,38.74,98.13
1593599316,1,1,22.4,65,24.8,74,25.2,67,3.09,85.78,120,37.73,98.13
1593599319,1,1,22.5,65,24.8,74,25.2,67,3.36,85.78,120,37.73,98.13
1593599321,1,1,22.5,65,24.8,74,25.2,67,3.36,85.78,120,38.23,98.13
1593599323,1,1,22.5,65,24.8,74,25.2,67,3.13,85.78,120,38.74,98.13
1593599325,1,1,22.5,65,24.8,74,25.2,67,3.31,103.47,120,38.74,98.97
1593599327,1,1,22.5,65,24.8,74,25.2,67,3.22,88.6,0,37.25,97.29
1593599330,1,1,22.5,65,24.8,74,25.2,67,3.36,85.78,120,38.23,97.29
1593599331,1,1,22.5,65,24.8,74,25.2,67,3.18,85.78,120,38.23,97.29
1593599334,1,1,22.5,65,24.8,74,25.2,67,3.01,88.6,120,38.23,97.29
1593599336,1,1,22.5,65,24.8,74,25.2,67,3.45,85.78,120,38.74,97.29
1593599338,1,1,22.5,65,24.8,74,25.2,67,3.36,85.78,120,39.26,97.29
1593599340,1,1,22.5,65,24.8,74,25.2,67,3.13,85.78,120,37.73,97.29
1593599342,1,1,22.5,65,24.8,74,25.2,67,3.4,85.78,120,39.26,97.29
1593599344,1,1,22.6,65,24.8,74,25.2,67,3.4,85.78,120,37.73,97.29
1593599346,1,1,22.6,65,24.8,74,25.2,67,3.44,85.78,120,37.73,97.29
1593599349,1,1,22.6,66,24.8,74,25.2,67,3.22,85.78,120,38.74,97.29
1593599351,1,1,22.6,65,24.8,74,25.2,67,3.59,88.6,120,38.74,97.29
1593599353,1,1,22.6,65,24.8,74,25.2,67,2.96,88.6,120,39.26,97.29
1593599355,1,1,22.6,65,24.8,74,25.2,67,3.4,88.6,120,38.23,97.29
1593599357,1,1,22.6,65,24.8,74,25.2,67,3.4,88.6,120,39.26,96.44
1593599359,1,1,22.6,65,24.8,74,25.2,67,3.13,88.6,120,38.23,96.44
1593599361,1,1,22.6,65,24.8,74,25.2,67,3.04,88.6,120,39.26,96.44
1593599364,1,1,22.5,65,24.8,74,25.2,67,3.13,88.6,120,38.74,96.44
1593599366,1,1,22.5,65,24.8,74,25.2,67,2.76,85.78,120,39.26,96.44
1593599368,1,1,22.5,65,24.8,74,25.2,67,3.18,88.6,120,38.23,96.44
1593599370,1,1,22.5,65,24.8,74,25.2,67,3.27,108.58,120,39.26,96.44
1593599372,1,1,22.5,65,24.8,74,25.2,67,2.96,88.6,0,38.74,95.6
1593599374,1,1,22.4,65,24.8,74,25.2,67,3.09,85.78,120,39.26,96.44
1593599376,1,1,22.4,65,24.8,74,25.2,67,3.45,88.6,120,40.32,96.44
1593599379,1,1,22.4,65,24.8,74,25.2,67,3.6,88.6,120,38.74,96.44
1593599381,1,1,22.4,65,24.8,74,25.2,67,3.41,88.6,120,39.78,96.44
1593599383,1,1,22.4,65,24.8,74,25.2,67,3.41,91.71,120,38.74,96.44
1593599385,1,1,22.4,65,24.8,74,25.2,67,2.97,88.6,120,39.78,96.44
1593599387,1,1,22.4,65,24.8,74,25.2,67,2.92,88.6,120,39.26,95.6
1593599389,1,1,22.4,65,24.8,74,25.2,67,3.36,88.6,120,39.26,95.6
1593599391,1,1,22.5,65,24.8,74,25.2,67,3.13,88.6,120,38.74,95.6
1593599394,1,1,22.5,65,24.8,74,25.2,67,3.44,85.78,120,38.74,95.6
1593599396,1,1,22.5,65,24.8,74,25.2,67,2.96,88.6,120,39.78,95.6
1593599398,1,1,22.5,65,24.8,74,25.2,67,3.4,88.6,120,39.78,95.6
1593599400,1,1,22.5,65,24.8,74,25.2,67,2.96,88.6,120,40.32,95.6
1593599402,1,1,22.5,65,24.8,74,25.2,68,3.13,108.58,120,38.74,96.44
1593599404,1,1,22.5,65,24.8,74,25.2,67,3.17,88.6,0,38.23,94.75
1593599406,1,1,22.5,65,24.8,74,25.2,68,3.22,88.6,120,38.74,95.6
1593599409,1,1,22.5,65,24.8,74,25.2,68,3.13,88.6,120,39.26,95.6
1593599411,1,1,22.6,65,24.7,74,25.2,67,3.22,88.6,120,39.26,95.6
1593599413,1,1,22.6,65,24.8,74,25.2,67,3.35,88.6,120,39.26,95.6
1593599415,1,1,22.6,65,24.8,74,25.2,67,3.54,114.62,120,39.26,94.75
1593599417,1,1,22.6,65,24.8,74,25.3,67,3.63,88.6,0,38.23,94.75
1593599419,1,1,22.6,65,24.7,74,25.2,67,3.31,88.6,120,40.32,94.75
1593599421,1,1,22.6,65,24.8,74,25.2,67,2.96,88.6,120,39.26,95.6
1593599424,1,1,22.6,65,24.7,74,25.2,67,3.22,88.6,120,39.78,94.75
1593599426,1,1,22.6,65,24.8,74,25.2,67,3.22,99.05,120,39.26,94.75
1593599428,1,1,22.6,65,24.8,74,25.2,67,2.92,88.6,120,39.26,94.75
1593599430,1,1,22.6,65,24.8,74,25.2,67,3.36,88.6,120,38.74,94.75
1593599432,1,1,22.6,65,24.8,74,25.2,67,3.18,88.6,120,39.26,94.75
1593599434,1,1,22.6,65,24.8,74,25.2,67,3.27,88.6,120,39.78,94.75
1593599436,1,1,22.5,65,24.8,74,25.2,67,3.74,88.6,120,39.78,94.75
1593599439,1,1,22.5,65,24.7,74,25.2,67,3.45,88.6,120,38.74,94.75
1593599441,1,1,22.5,65,24.8,74,25.2,67,3.32,88.6,120,39.78,94.75
1593599443,1,1,22.5,65,24.8,74,25.2,67,3.41,88.6,120,39.26,93.91
1593599445,1,1,22.4,65,24.8,74,25.2,67,3.23,88.6,120,39.78,93.91
1593599447,1,1,22.4,65,24.8,74,25.2,67,3.41,88.6,120,39.26,93.91
1593599449,1,1,22.4,65,24.8,74,25.2,67,3.6,88.6,120,38.23,93.91
1593599451,1,1,22.4,65,24.8,74,25.2,67,3.6,88.6,120,39.78,93.91
1593599453,1,1,22.4,65,24.8,74,25.2,67,3.23,88.6,120,38.74,93.91
1593599456,1,1,22.4,65,24.8,74,25.2,67,3.27,88.6,120,39.26,93.91
1593599458,1,1,22.4,65,24.7,74,25.2,67,3.18,88.6,120,39.78,93.91
1593599460,1,1,22.4,65,24.8,74,25.2,68,3.09,88.6,120,38.74,93.91
1593599462,1,1,22.4,65,24.8,74,25.2,68,3.64,88.6,120,39.78,93.91
1593599470,1,1,22.4,65,24.8,74,25.2,68,3.45,88.6,120,39.78,93.91
1593599472,1,1,22.4,65,24.8,74,25.2,67,3.09,88.6,120,39.78,93.91
1593599473,1,1,22.4,65,24.8,74,25.2,67,3.36,88.6,120,39.78,93.91
1593599475,1,1,22.4,65,24.8,74,25.2,67,3.45,88.6,120,39.26,93.06
1593599477,1,1,22.4,65,24.8,74,25.2,67,3.27,88.6,120,38.74,93.06
1593599478,1,1,22.4,65,24.8,74,25.2,67,3.01,88.6,120,40.32,93.06
1593599480,1,1,22.4,65,24.8,74,25.2,68,3.18,85.78,120,40.32,93.06
1593599482,1,1,22.5,65,24.8,74,25.2,68,3.09,88.6,120,40.32,93.06
1593599483,1,1,22.5,65,24.8,75,25.2,68,3.13,88.6,120,39.78,93.06
1593599485,1,1,22.5,65,24.8,75,25.2,68,3.4,88.6,120,39.26,93.06
1593599487,1,1,22.5,65,24.8,75,25.2,68,3.31,88.6,120,40.32,93.06
1593599488,1,1,22.5,65,24.8,75,25.2,68,3.4,88.6,120,39.26,93.06
1593599490,1,1,22.5,65,24.8,75,25.2,68,3.31,88.6,120,40.32,93.06
1593599492,1,1,22.5,65,24.8,75,25.2,68,3.13,88.6,120,39.78,92.22
1593599494,1,1,22.5,65,24.8,75,25.2,68,3.22,88.6,120,39.78,92.22
1593599496,1,1,22.5,65,24.8,75,25.2,68,3.22,88.6,120,40.32,92.22
1593599498,1,1,22.6,65,24.8,75,25.2,68,3.5,91.71,120,39.26,92.22
1593599501,1,1,22.6,65,24.8,75,25.2,68,3.31,88.6,120,39.78,92.22
1593599503,1,1,22.6,65,24.8,75,25.2,68,3.31,88.6,120,40.32,92.22
1593599505,1,1,22.6,65,24.8,75,25.2,68,2.75,88.6,120,40.32,92.22
1593599507,1,1,22.6,65,24.8,75,25.2,68,2.91,88.6,120,40.32,92.22
1593599509,1,1,22.6,65,24.8,75,25.2,68,3.26,88.6,120,39.26,92.22
1593599511,1,1,22.6,65,24.8,75,25.2,68,3.26,95.17,120,40.32,92.22
1593599513,1,1,22.6,65,24.8,75,25.2,68,3.54,88.6,120,39.26,91.38
1593599516,1,1,22.6,65,24.8,75,25.2,68,3.26,88.6,120,39.78,91.38
1593599518,1,1,22.6,65,24.8,75,25.2,68,3.44,88.6,120,39.78,91.38
1593599520,1,1,22.6,65,24.8,75,25.2,68,3.4,88.6,120,40.87,91.38
1593599522,1,1,22.6,65,24.8,75,25.2,68,3.5,88.6,120,39.78,91.38
1593599524,1,1,22.6,65,24.8,75,25.2,68,3.22,88.6,120,39.78,91.38
1593599526,1,1,22.6,65,24.8,75,25.2,68,3.31,88.6,120,40.32,91.38
1593599528,1,1,22.6,65,24.8,75,25.2,68,3.13,91.71,120,40.87,91.38
1593599531,1,1,22.5,65,24.8,75,25.2,68,3.69,88.6,120,40.32,91.38
1593599533,1,1,22.5,65,24.8,75,25.2,68,3.27,88.6,120,40.32,91.38
1593599535,1,1,22.5,65,24.8,75,25.2,68,3.36,88.6,120,40.87,91.38
1593599537,1,1,22.5,65,24.8,75,25.2,68,3.09,88.6,120,39.78,91.38
1593599539,1,1,22.5,65,24.8,75,25.2,68,3.27,88.6,120,39.78,91.38
1593599541,1,1,22.5,65,24.8,75,25.2,68,3.55,88.6,120,40.32,90.53
1593599543,1,1,22.5,65,24.8,74,25.2,68,3.01,88.6,120,39.78,90.53
1593599546,1,1,22.5,65,24.8,75,25.2,68,3.27,88.6,120,40.32,90.53
1593599548,1,1,22.5,65,24.8,75,25.2,68,3.36,88.6,120,39.78,90.53
1593599550,1,1,22.5,65,24.8,75,25.2,68,3.4,88.6,120,40.32,90.53
1593599552,1,1,22.5,65,24.8,75,25.2,68,2.88,88.6,120,40.32,90.53
1593599554,1,1,22.5,65,24.8,75,25.2,68,3.13,91.71,120,39.78,90.53
1593599556,1,1,22.5,65,24.8,75,25.2,68,3.79,91.71,120,40.32,90.53
1593599558,1,1,22.5,65,24.8,75,25.2,68,3.22,88.6,120,40.32,90.53
1593599561,1,1,22.5,65,24.8,75,25.2,68,3.22,88.6,120,40.87,90.53
1593599563,1,1,22.6,65,24.8,75,25.2,68,3.4,88.6,120,40.32,90.53
1593599565,1,1,22.5,65,24.8,75,25.2,68,3.22,88.6,120,40.32,89.69
1593599567,1,1,22.5,65,24.8,75,25.2,68,3.13,103.47,120,39.78,90.53
1593599569,1,1,22.6,65,24.8,75,25.2,68,3.54,88.6,0,40.87,88.84
1593599571,1,1,22.6,65,24.8,75,25.2,68,3.59,88.6,120,40.87,89.69
1593599573,1,1,22.6,65,24.8,75,25.2,68,3.5,91.71,120,39.78,89.69
1593599576,1,1,22.6,65,24.8,75,25.2,68,3.31,88.6,120,40.87,89.69
1593599578,1,1,22.6,65,24.8,75,25.2,68,3.13,88.6,120,40.32,88.84
1593599580,1,1,22.6,65,24.8,75,25.2,68,2.96,91.71,120,40.32,89.69
1593599582,1,1,22.6,65,24.8,75,25.2,68,3.79,91.71,120,40.32,89.69
1593599584,1,1,22.6,65,24.8,75,25.2,68,3.13,88.6,120,40.87,88.84
1593599586,1,1,22.6,65,24.8,75,25.2,68,3.22,88.6,120,40.87,88.84
1593599588,1,1,22.6,65,24.8,75,25.2,68,3.5,88.6,120,40.87,88.84
1593599591,1,1,22.6,65,24.8,75,25.2,68,3.59,88.6,120,39.78,88.84
1593599593,1,1,22.6,65,24.8,75,25.2,68,3.31,88.6,120,40.32,88.84
1593599595,1,1,22.6,65,24.8,75,25.2,68,2.92,88.6,120,40.32,88.84
1593599597,1,1,22.6,65,24.8,74,25.2,67,3.36,88.6,120,40.87,88.84
1593599599,1,1,22.5,65,24.8,74,25.2,67,3.36,88.6,120,39.78,88.84
1593599601,1,1,22.5,65,24.8,74,25.2,68,3.36,88.6,120,40.87,88.84
1593599603,1,1,22.5,65,24.8,74,25.2,68,3.09,88.6,120,40.87,88.84
1593599606,1,1,22.5,65,24.8,74,25.2,68,3.18,88.6,120,40.87,88
1593599608,1,1,22.5,65,24.8,74,25.2,68,3.36,91.71,120,39.78,88.84
1593599610,1,1,22.5,65,24.8,74,25.2,68,3.18,88.6,120,39.78,88
1593599612,1,1,22.5,65,24.8,75,25.2,68,3.55,88.6,120,40.87,88
1593599614,1,1,22.5,65,24.8,75,25.2,68,3.18,88.6,120,39.78,88
1593599616,1,1,22.5,65,24.8,75,25.2,68,3.45,88.6,120,40.87,88
1593599618,1,1,22.6,65,24.8,75,25.2,68,3.5,88.6,120,39.78,88
1593599621,1,1,22.6,65,24.8,75,25.2,68,3.4,91.71,120,40.87,88
1593599623,1,1,22.6,65,24.8,75,25.2,68,3.31,88.6,120,39.78,88
1593599625,1,1,22.6,65,24.8,75,25.2,68,3.44,88.6,120,40.32,88
1593599627,1,1,22.6,65,24.8,75,25.2,68,3.35,91.71,120,40.87,88
1593599629,1,1,22.6,65,24.8,75,25.2,68,3,95.17,120,40.32,88
1593599631,1,1,22.6,65,24.8,75,25.2,68,3,88.6,120,40.32,87.15
1593599633,1,1,22.7,65,24.8,75,25.2,68,3.17,88.6,120,40.87,87.15
1593599636,1,1,22.7,65,24.8,75,25.2,68,3.12,88.6,120,40.87,87.15
1593599638,1,1,22.7,65,24.9,75,25.2,68,2.95,91.71,120,39.78,87.15
1593599640,1,1,22.7,65,24.8,75,25.2,68,3.12,91.71,120,40.87,87.15
1593599642,1,1,22.7,65,24.8,75,25.2,68,3.08,88.6,120,40.87,87.15
1593599644,1,1,22.7,65,24.8,75,25.2,68,3,88.6,120,40.87,87.15
1593599646,1,1,22.6,64,24.8,75,25.2,68,3.54,88.6,120,40.87,87.15
1593599648,1,1,22.6,65,24.8,75,25.3,68,3.5,88.6,120,40.87,87.15
1593599650,1,1,22.6,65,24.8,75,25.2,68,3.5,91.71,120,40.87,86.31
1593599653,1,1,22.6,65,24.8,75,25.2,68,3.36,88.6,120,40.87,86.31
1593599655,1,1,22.6,65,24.8,74,25.3,68,3.55,91.71,120,40.87,86.31
1593599657,1,1,22.6,65,24.9,74,25.2,67,3.64,88.6,120,41.43,86.31
1593599659,1,1,22.6,65,24.8,74,25.3,67,3.88,91.71,120,40.32,86.31
1593599661,1,1,22.6,65,24.8,74,25.2,67,3.04,88.6,120,41.43,86.31
1593599663,1,1,22.6,65,24.8,74,25.2,68,3.69,91.71,120,40.87,86.31
1593599665,1,1,22.5,65,24.8,74,25.2,67,3.55,91.71,120,41.43,86.31
1593599668,1,1,22.5,65,24.8,74,25.2,67,3.55,88.6,120,40.87,86.31
1593599670,1,1,22.5,65,24.8,74,25.2,68,3.27,91.71,120,40.87,85.46
1593599672,1,1,22.5,65,24.8,74,25.2,67,3.55,88.6,120,41.43,85.46
1593599674,1,1,22.5,65,24.8,74,25.2,67,3.18,88.6,120,41.43,85.46
1593599676,1,1,22.4,65,24.8,74,25.2,67,3.32,108.58,120,40.87,85.46
1593599678,1,1,22.4,65,24.8,74,25.3,67,3.36,91.71,0,39.78,84.62
1593599680,1,1,22.4,65,24.8,74,25.2,67,3.6,91.71,0,40.87,85.46
1593599683,1,1,22.4,65,24.8,74,25.2,67,3.23,91.71,0,40.87,84.62
1593599685,1,1,22.4,65,24.8,74,25.2,67,3.32,91.71,0,40.87,84.62
1593599687,1,1,22.4,65,24.8,74,25.2,67,3.55,88.6,0,39.78,84.62
1593599689,1,1,22.4,65,24.8,74,25.2,68,3.41,91.71,120,39.78,84.62
1593599691,1,1,22.4,65,24.8,74,25.2,68,3.32,91.71,120,40.32,84.62
1593599693,1,1,22.4,65,24.8,74,25.2,68,3.74,91.71,120,39.26,84.62
1593599695,1,1,22.4,65,24.8,74,25.2,67,3.18,88.6,120,39.26,84.62
1593599698,1,1,22.4,65,24.8,74,25.2,67,2.92,95.17,120,39.26,84.62
1593599700,1,1,22.4,65,24.8,74,25.2,67,3.45,88.6,120,39.78,84.62
1593599702,1,1,22.4,65,24.8,74,25.2,67,3.36,103.47,120,38.74,84.62
1593599704,1,1,22.4,65,24.8,74,25.3,67,3.31,91.71,0,38.23,83.78
1593599706,1,1,22.5,65,24.8,74,25.2,67,3.5,88.6,0,38.74,83.78
1593599708,1,1,22.5,65,24.8,74,25.2,67,3.01,88.6,120,38.74,84.62
1593599710,1,1,22.5,65,24.8,74,25.2,67,3.59,91.71,120,39.26,84.62
1593599713,1,1,22.5,65,24.8,74,25.2,67,3.22,88.6,120,38.74,84.62
1593599715,1,1,22.6,65,24.8,74,25.2,67,2.96,85.78,120,39.26,83.78
1593599717,1,1,22.6,65,24.8,74,25.2,67,3.26,85.78,120,38.74,83.78
1593599719,1,1,22.6,65,24.7,74,25.2,67,3.54,88.6,120,38.23,83.78
1593599721,1,1,22.6,65,24.8,73,25.2,67,3.22,85.78,120,38.23,83.78
1593599723,1,1,22.6,65,24.8,74,25.2,67,2.96,88.6,120,38.23,83.78
1593599725,1,1,22.6,65,24.8,73,25.2,67,3.69,85.78,120,38.23,83.78
1593599728,1,1,22.6,65,24.8,73,25.2,67,3.13,85.78,120,38.74,83.78
1593599730,1,1,22.6,65,24.8,74,25.2,67,3.69,85.78,120,38.74,83.78
1593599732,1,1,22.6,65,24.8,74,25.2,67,3.22,85.78,120,38.74,83.78
1593599734,1,1,22.6,65,24.8,74,25.2,67,3.44,85.78,120,38.23,83.78
1593599736,1,1,22.7,65,24.8,74,25.2,67,2.83,85.78,120,38.23,83.78
1593599738,1,1,22.7,65,24.8,74,25.2,67,3.08,85.78,120,38.74,83.78
1593599740,1,1,22.7,65,24.8,74,25.2,67,3.17,88.6,120,38.74,82.93
1593599743,1,1,22.7,65,24.8,74,25.2,67,3.44,85.78,120,38.74,82.93
1593599745,1,1,22.7,65,24.8,74,25.2,66,3.35,85.78,120,38.74,82.93
1593599747,1,1,22.7,65,24.8,74,25.2,66,3.39,88.6,120,39.26,82.93
1593599749,1,1,22.7,65,24.8,74,25.2,67,3.26,88.6,120,39.78,82.93
1593599751,1,1,22.7,65,24.8,74,25.2,67,3.54,88.6,120,38.74,82.93
1593599753,1,1,22.7,64,24.8,74,25.2,67,2.96,95.17,120,39.78,82.93
1593599755,1,1,22.6,65,24.8,74,25.2,67,3.59,88.6,120,39.26,82.93
1593599758,1,1,22.6,65,24.8,74,25.2,67,3.01,88.6,120,39.78,82.93
1593599760,1,1,22.6,65,24.8,74,25.2,67,3.64,88.6,120,39.26,82.93
1593599762,1,1,22.6,65,24.8,73,25.2,66,3.36,88.6,120,40.32,82.93
1593599764,1,1,22.6,65,24.8,73,25.2,67,3.27,88.6,120,39.26,82.93
1593599766,1,1,22.5,65,24.7,73,25.2,67,3.64,88.6,120,40.32,82.09
1593599768,1,1,22.5,65,24.8,74,25.2,66,3.45,88.6,120,39.26,82.09
1593599770,1,1,22.5,64,24.7,73,25.2,66,2.97,88.6,120,40.32,82.09
1593599773,1,1,22.5,64,24.7,73,25.2,67,3.41,88.6,120,40.32,82.93
1593599775,1,1,22.5,65,24.7,73,25.2,67,2.88,88.6,120,39.78,82.09
1593599777,1,1,22.4,65,24.7,73,25.2,66,3.23,88.6,120,40.32,82.09
1593599779,1,1,22.4,65,24.7,73,25.2,67,2.88,88.6,120,40.87,82.09
1593599781,1,1,22.4,65,24.7,74,25.2,67,3.32,88.6,120,40.32,82.09
1593599783,1,1,22.4,65,24.7,74,25.2,67,3.32,88.6,120,40.87,82.09
1593599785,1,1,22.4,65,24.7,74,25.2,67,3.23,88.6,120,39.78,82.09
1593599788,1,1,22.4,65,24.7,74,25.2,67,3.14,88.6,120,40.87,82.09
1593599790,1,1,22.4,65,24.7,74,25.2,67,3.32,88.6,120,39.78,82.09
1593599792,1,1,22.4,65,24.7,74,25.2,67,3.36,88.6,120,40.87,82.09
1593599794,1,1,22.4,65,24.7,74,25.2,67,3.64,88.6,120,40.87,81.24
1593599796,1,1,22.4,65,24.7,74,25.2,67,3.27,108.58,120,40.87,81.24
1593599798,1,1,22.4,65,24.7,74,25.2,67,2.96,88.6,0,39.26,80.4
1593599800,1,1,22.4,65,24.8,74,25.2,67,3.09,88.6,120,40.32,81.24
1593599803,1,1,22.4,65,24.7,74,25.2,67,3.18,88.6,120,40.87,81.24
1593599805,1,1,22.4,65,24.7,74,25.2,67,3.01,91.71,120,40.87,81.24
1593599807,1,1,22.4,65,24.7,74,25.2,68,3.36,88.6,120,40.32,81.24
1593599809,1,1,22.5,65,24.7,74,25.2,68,3.36,88.6,120,40.87,81.24
1593599811,1,1,22.4,65,24.7,74,25.2,68,3.64,88.6,120,39.78,81.24
1593599813,1,1,22.4,65,24.7,74,25.2,68,3.45,91.71,120,39.78,81.24
1593599815,1,1,22.4,65,24.7,74,25.2,67,2.84,88.6,120,39.78,80.4
1593599817,1,1,22.4,65,24.7,74,25.2,67,3.45,88.6,120,40.32,80.4
1593599820,1,1,22.4,65,24.7,74,25.2,67,3.36,91.71,120,40.32,80.4
1593599822,1,1,22.4,65,24.7,74,25.2,67,2.92,88.6,120,40.87,80.4
1593599824,1,1,22.5,65,24.7,74,25.2,67,3.09,88.6,120,40.32,80.4
1593599826,1,1,22.5,65,24.7,74,25.2,67,3.36,88.6,120,39.78,80.4
1593599828,1,1,22.5,65,24.7,74,25.2,67,2.76,88.6,120,40.32,80.4
1593599830,1,1,22.5,65,24.7,74,25.2,67,2.76,88.6,120,39.78,80.4
1593599833,1,1,22.5,65,24.8,74,25.2,67,3.22,88.6,120,40.32,80.4
1593599946,1,1,22.5,65,24.7,74,25.2,67,3.31,88.6,120,40.87,79.55
1593599948,1,1,22.5,65,24.7,74,25.2,67,3.59,88.6,120,39.78,79.55
1593599950,1,1,22.5,65,24.7,74,25.2,67,3.69,91.71,120,40.87,79.55
1593599951,1,1,22.5,65,24.7,74,25.2,67,3.4,88.6,120,40.32,79.55
1593599953,1,1,22.5,65,24.8,74,25.2,68,3.59,108.58,120,40.87,79.55
1593599955,1,1,22.5,65,24.7,74,25.2,68,3.99,88.6,0,40.32,79.55
1593599957,1,1,22.5,65,24.7,74,25.2,68,3.5,88.6,120,40.87,79.55
1593599958,1,1,22.5,65,24.7,74,25.2,68,3.31,88.6,120,40.87,79.55
1593599960,1,1,22.5,65,24.7,74,25.2,67,3.36,99.05,120,40.87,80.4
1593599962,1,1,22.5,65,24.7,74,25.2,68,3.31,88.6,120,40.32,79.55
1593599963,1,1,22.5,65,24.7,74,25.2,67,3.22,91.71,120,40.87,79.55
1593599965,1,1,22.5,65,24.7,74,25.2,67,3.18,88.6,120,40.32,78.71
1593599967,1,1,22.5,65,24.7,74,25.2,67,3.31,88.6,120,40.32,78.71
1593599968,1,1,22.5,65,24.7,74,25.2,67,3.64,91.71,120,40.87,79.55
1593599970,1,1,22.5,65,24.7,74,25.2,67,3.27,88.6,120,40.87,78.71
1593599972,1,1,22.5,65,24.7,74,25.2,67,3.45,88.6,120,40.87,78.71
1593599973,1,1,22.5,65,24.7,74,25.2,68,3.09,88.6,120,40.87,78.71
1593599975,1,1,22.5,65,24.7,74,25.2,67,3.01,88.6,120,40.32,78.71
1593599977,1,1,22.5,65,24.7,74,25.2,68,3.45,88.6,120,40.87,78.71
1593599978,1,1,22.5,65,24.7,74,25.2,68,3.18,88.6,120,40.87,77.86
1593599980,1,1,22.5,65,24.7,74,25.2,68,3.27,88.6,120,39.78,77.86
1593599982,1,1,22.5,65,24.7,74,25.2,68,3.27,88.6,120,40.87,77.86
1593599983,1,1,22.5,65,24.8,74,25.2,68,3.74,88.6,120,40.32,77.86
1593599985,1,1,22.5,65,24.7,74,25.2,68,3.45,91.71,120,40.87,77.86
1593599987,1,1,22.5,65,24.7,74,25.2,68,3.09,88.6,120,40.87,77.86
1593599988,1,1,22.5,65,24.7,74,25.2,67,2.92,88.6,120,40.32,77.86
1593599990,1,1,22.4,65,24.7,74,25.2,67,2.92,88.6,120,40.32,77.86
1593599992,1,1,22.4,65,24.7,74,25.2,67,3.27,88.6,120,40.87,77.86
1593599993,1,1,22.5,65,24.7,74,25.2,67,3.09,88.6,120,40.87,77.86
1593599995,1,1,22.5,65,24.7,74,25.2,67,3.18,91.71,120,40.32,77.86
1593599997,1,1,22.5,65,24.7,74,25.2,67,3.18,88.6,120,40.32,77.86
1593599999,1,1,22.5,65,24.7,74,25.2,67,3.09,88.6,120,39.78,73.64
1593600000,1,1,22.5,65,24.7,74,25.2,67,3.09,88.6,120,39.78,73.64
1593600002,1,1,22.5,65,24.7,74,25.2,67,3.01,88.6,120,39.78,72.8
1593600004,1,1,22.5,65,24.7,74,25.2,67,3.09,88.6,120,40.32,72.8
1593600005,1,1,22.5,65,24.7,74,25.2,67,3.01,88.6,120,40.32,72.8
1593600007,1,1,22.5,65,24.7,74,25.2,67,3.55,88.6,120,40.32,72.8
1593600009,1,1,22.5,65,24.7,74,25.2,67,3.09,88.6,120,39.78,72.8
1593600010,1,1,22.5,65,24.7,74,25.2,67,3.27,88.6,120,40.32,72.8
1593600012,1,1,22.5,65,24.7,74,25.2,67,3.27,99.05,120,40.32,72.8
1593600014,1,1,22.5,65,24.7,74,25.2,67,3.64,88.6,120,40.32,72.8
1593600016,1,1,22.5,65,24.7,74,25.2,67,3.64,88.6,120,40.87,72.8
1593600019,1,1,22.5,65,24.7,74,25.2,67,3.27,88.6,120,40.32,71.95
1593600021,1,1,22.5,65,24.7,74,25.2,67,3.18,88.6,120,40.32,71.95
1593600023,1,1,22.5,65,24.7,74,25.2,67,3.04,88.6,120,40.32,71.95
1593600025,1,1,22.6,65,24.7,74,25.2,67,3.13,88.6,120,40.87,71.95
1593600027,1,1,22.6,65,24.7,74,25.2,68,3.69,88.6,120,40.87,71.95
1593600029,1,1,22.6,65,24.7,74,25.2,68,3.59,88.6,120,40.87,71.95
1593600031,1,1,22.6,65,24.7,74,25.2,67,3.59,88.6,120,40.87,71.95
1593600034,1,1,22.6,65,24.7,74,25.2,67,3.69,88.6,120,40.87,71.95
1593600036,1,1,22.6,65,24.7,74,25.2,67,3.59,88.6,120,41.43,71.11
1593600038,1,1,22.6,65,24.7,74,25.2,67,3.31,88.6,120,40.87,71.11
1593600040,1,1,22.6,65,24.7,74,25.2,67,3.18,88.6,120,40.87,71.11
1593600042,1,1,22.6,65,24.7,74,25.2,67,3.36,88.6,120,40.87,71.11
1593600044,1,1,22.6,65,24.7,74,25.2,67,3.09,88.6,120,40.87,71.11
1593600046,1,1,22.6,65,24.7,74,25.2,68,3.55,88.6,120,40.87,71.11
1593600049,1,1,22.6,65,24.7,74,25.2,67,3.45,88.6,120,40.87,71.11
1593600051,1,1,22.6,65,24.7,74,25.2,67,3.01,88.6,120,40.87,70.27
1593600053,1,1,22.6,65,24.7,74,25.2,68,3.18,88.6,120,40.87,70.27
1593600055,1,1,22.5,65,24.7,74,25.2,68,3.36,88.6,120,40.87,70.27
1593600057,1,1,22.5,65,24.8,74,25.2,68,3.18,88.6,120,40.87,70.27
1593600059,1,1,22.5,65,24.7,74,25.2,67,3.18,88.6,120,40.87,70.27
1593600061,1,1,22.5,65,24.8,75,25.2,67,3.09,88.6,120,40.87,70.27
1593600064,1,1,22.5,65,24.8,75,25.2,68,3.55,88.6,120,41.43,70.27
1593600066,1,1,22.5,65,24.8,74,25.2,68,3.36,88.6,120,41.43,70.27
1593600068,1,1,22.5,65,24.8,75,25.2,68,3.36,88.6,120,41.43,70.27
1593600070,1,1,22.5,65,24.8,75,25.2,68,3.4,88.6,120,40.87,69.42
1593600072,1,1,22.5,65,24.7,74,25.2,68,3.22,91.71,120,41.43,69.42
1593600074,1,1,22.6,65,24.8,75,25.2,68,3.5,88.6,120,40.87,69.42
1593600076,1,1,22.5,65,24.8,74,25.2,68,3.18,91.71,120,41.43,70.27
1593600079,1,1,22.5,65,24.8,75,25.2,68,3.36,88.6,120,41.43,69.42
1593600081,1,1,22.5,65,24.8,75,25.2,68,3.27,88.6,120,41.43,69.42
1593600083,1,1,22.5,65,24.8,75,25.2,68,3.27,91.71,120,40.87,69.42
1593600085,1,1,22.5,65,24.8,74,25.2,68,3.55,88.6,120,40.87,69.42
1593600087,1,1,22.5,65,24.8,75,25.2,68,2.92,88.6,120,40.87,69.42
1593600089,1,1,22.5,65,24.8,75,25.2,68,3.18,91.71,120,41.43,68.58
1593600091,1,1,22.5,65,24.8,75,25.2,67,3.74,91.71,120,42,68.58
1593600094,1,1,22.5,65,24.8,75,25.2,68,3.18,91.71,120,41.43,68.58
1593600096,1,1,22.5,65,24.8,74,25.2,68,3.4,88.6,120,41.43,68.58
1593600098,1,1,22.5,65,24.8,74,25.2,68,3.13,91.71,120,41.43,68.58
1593600100,1,1,22.5,65,24.8,74,25.2,68,3.09,91.71,120,41.43,68.58
1593600102,1,1,22.5,65,24.8,74,25.2,68,2.88,91.71,120,41.43,68.58
1593600104,1,1,22.5,65,24.8,74,25.2,68,2.88,91.71,120,42,68.58
1593600106,1,1,22.5,65,24.8,75,25.2,68,2.84,91.71,120,42,68.58
1593600109,1,1,22.5,65,24.8,74,25.2,68,2.68,91.71,120,41.43,67.73
1593600111,1,1,22.5,65,24.8,75,25.2,68,3.55,88.6,120,41.43,67.73
1593600113,1,1,22.5,65,24.8,75,25.2,68,3.45,91.71,120,40.87,67.73
1593600115,1,1,22.4,65,24.8,74,25.2,68,3.14,91.71,120,41.43,67.73
1593600117,1,1,22.4,65,24.8,75,25.2,68,3.14,91.71,120,41.43,67.73
1593600119,1,1,22.4,65,24.8,74,25.2,68,3.64,91.71,120,41.43,67.73
1593600121,1,1,22.4,65,24.8,74,25.2,67,3.6,91.71,120,42,66.89
1593600123,1,1,22.4,65,24.8,74,25.2,67,3.41,91.71,120,41.43,66.89
1593600126,1,1,22.4,65,24.8,74,25.2,67,3.05,91.71,120,41.43,66.89
1593600128,1,1,22.4,65,24.8,74,25.2,67,3.05,95.17,120,41.43,66.89
1593600130,1,1,22.4,65,24.8,74,25.2,67,3.23,91.71,120,41.43,66.89
1593600132,1,1,22.4,65,24.8,74,25.2,68,3.36,91.71,120,41.43,66.89
1593600134,1,1,22.4,65,24.8,74,25.2,67,3.23,91.71,120,41.43,66.04
1593600136,1,1,22.4,65,24.8,74,25.2,67,3.55,91.71,120,41.43,66.04
1593600138,1,1,22.4,65,24.8,74,25.2,68,3.64,91.71,120,41.43,66.04
1593600141,1,1,22.4,65,24.8,75,25.2,68,3.45,91.71,120,40.87,66.04
1593600143,1,1,22.4,65,24.8,75,25.2,68,3.18,91.71,120,41.43,66.04
1593600145,1,1,22.5,65,24.8,75,25.2,68,3.45,91.71,120,40.87,66.04
1593600147,1,1,22.5,65,24.8,75,25.2,68,3.4,91.71,120,40.87,66.04
1593600149,1,1,22.5,65,24.8,75,25.2,68,3.04,91.71,120,41.43,66.04
1593600151,1,1,22.5,65,24.8,75,25.2,68,3.4,91.71,120,41.43,65.2
1593600153,1,1,22.6,65,24.8,75,25.2,68,3.4,91.71,120,41.43,65.2
1593600156,1,1,22.6,66,24.8,75,25.2,68,3.22,91.71,120,41.43,65.2
1593600158,1,1,22.6,65,24.8,75,25.2,68,3.31,91.71,120,40.87,65.2
1593600160,1,1,22.6,65,24.8,75,25.2,68,3.59,95.17,120,41.43,65.2
1593600162,1,1,22.6,65,24.8,75,25.2,68,3.04,91.71,120,41.43,64.35
1593600164,1,1,22.6,65,24.8,75,25.2,68,3.5,91.71,120,41.43,64.35
1593600166,1,1,22.6,65,24.8,75,25.2,68,3.13,91.71,120,40.87,64.35
1593600168,1,1,22.6,65,24.8,74,25.2,68,3.45,91.71,120,40.87,64.35
1593600171,1,1,22.6,65,24.8,74,25.2,68,3.27,91.71,120,40.87,64.35
1593600173,1,1,22.6,65,24.8,74,25.2,68,3.55,91.71,120,41.43,64.35
1593600175,1,1,22.5,65,24.8,74,25.2,68,3.27,91.71,120,40.87,64.35
1593600177,1,1,22.5,65,24.8,74,25.2,68,3.18,91.71,120,41.43,64.35
1593600179,1,1,22.5,65,24.8,74,25.2,68,3.32,91.71,120,40.87,64.35
1593600181,1,1,22.5,65,24.8,74,25.2,68,3.36,91.71,120,41.43,63.51
1593600183,1,1,22.5,65,24.8,74,25.2,68,3.09,91.71,120,40.87,63.51
1593600186,1,1,22.5,65,24.8,74,25.2,68,3.27,95.17,120,40.87,63.51
1593600188,1,1,22.5,65,24.8,74,25.2,68,3.45,91.71,120,40.87,63.51
1593600190,1,1,22.5,65,24.8,74,25.2,68,3.45,91.71,120,40.87,63.51
1593600192,1,1,22.5,65,24.8,74,25.2,67,3.18,91.71,120,40.87,63.51
1593600194,1,1,22.5,65,24.8,74,25.2,67,3.36,99.05,120,40.87,62.67
1593600196,1,1,22.5,65,24.8,74,25.2,68,3.09,91.71,120,40.32,62.67
1593600198,1,1,22.5,65,24.8,74,25.2,67,3.18,91.71,120,40.87,62.67
1593600201,1,1,22.5,65,24.8,74,25.2,67,3.18,91.71,120,40.32,62.67
1593600203,1,1,22.5,65,24.8,74,25.2,67,3.09,95.17,120,40.87,62.67
1593600205,1,1,22.5,65,24.8,74,25.2,68,3.01,91.71,120,40.32,61.82
1593600207,1,1,22.4,65,24.8,74,25.2,68,2.92,114.62,120,40.32,61.82
1593600209,1,1,22.4,65,24.8,74,25.2,68,3.09,91.71,0,39.78,60.98
1593600211,1,1,22.5,65,24.8,74,25.2,68,3.74,91.71,0,39.78,60.98
1593600213,1,1,22.4,65,24.8,74,25.2,68,3.55,91.71,0,39.26,60.98
1593600216,1,1,22.4,65,24.8,74,25.2,68,3.09,91.71,0,39.26,60.98
1593600218,1,1,22.4,65,24.8,74,25.2,68,3.64,108.58,0,39.26,60.98
1593600220,1,1,22.4,65,24.8,74,25.2,67,3.45,88.6,0,38.74,60.13
1593600222,1,1,22.5,65,24.8,74,25.2,67,3.5,91.71,120,39.26,60.98
1593600224,1,1,22.5,65,24.8,74,25.2,67,3.27,88.6,120,38.74,60.98
1593600226,1,1,22.4,65,24.8,74,25.2,67,3.23,88.6,120,38.23,60.98
1593600228,1,1,22.4,65,24.8,74,25.2,67,2.97,88.6,120,38.23,60.98
1593600231,1,1,22.5,65,24.8,74,25.2,67,2.84,88.6,120,38.23,60.98
1593600233,1,1,22.5,65,24.8,73,25.2,66,3.55,88.6,120,38.23,60.98
1593600235,1,1,22.5,65,24.8,73,25.2,66,3.27,88.6,120,37.73,60.98
1593600237,1,1,22.5,65,24.8,73,25.2,66,3.45,88.6,120,37.73,60.98
1593600239,1,1,22.4,65,24.8,73,25.2,66,3.01,91.71,120,37.73,60.98
1593600241,1,1,22.4,65,24.8,73,25.2,66,3.27,88.6,120,38.23,60.98
1593600243,1,1,22.5,65,24.8,73,25.2,66,3.55,88.6,120,37.73,60.13
1593600246,1,1,22.5,65,24.8,73,25.2,66,3.36,88.6,120,38.23,60.13
1593600248,1,1,22.5,65,24.8,73,25.2,66,3.36,88.6,120,38.23,60.13
1593600250,1,1,22.5,65,24.7,73,25.2,66,3.27,88.6,120,38.23,60.13
1593600252,1,1,22.5,65,24.7,73,25.2,66,3.55,91.71,120,38.23,60.13
1593600254,1,1,22.5,65,24.8,73,25.2,66,3.09,88.6,120,38.23,60.13
1593600256,1,1,22.5,65,24.7,73,25.2,66,3.36,88.6,120,38.23,60.13
1593600258,1,1,22.5,65,24.7,73,25.2,66,3.27,88.6,120,38.23,60.13
1593600261,1,1,22.5,65,24.7,73,25.2,66,3.18,88.6,120,37.73,59.29
1593600263,1,1,22.5,65,24.7,73,25.2,66,3.31,95.17,120,38.23,59.29
1593600265,1,1,22.5,65,24.7,73,25.2,66,3.59,88.6,120,38.23,59.29
1593600267,1,1,22.5,65,24.7,73,25.2,67,3.69,88.6,120,37.73,59.29
1593600269,1,1,22.5,65,24.7,73,25.2,66,3.45,88.6,120,38.23,59.29
1593600271,1,1,22.5,65,24.7,73,25.2,66,3.5,88.6,120,37.73,59.29
1593600273,1,1,22.5,65,24.7,73,25.2,66,3.45,91.71,120,37.73,58.44
1593600276,1,1,22.5,65,24.7,73,25.2,66,3.36,88.6,120,37.73,58.44
1593600278,1,1,22.5,65,24.7,73,25.2,66,3.45,95.17,120,37.73,58.44
1593600280,1,1,22.5,65,24.7,73,25.2,66,3.36,91.71,120,37.73,59.29
1593600282,1,1,22.5,65,24.7,73,25.2,66,3.27,88.6,120,37.73,58.44
1593600284,1,1,22.5,65,24.7,73,25.2,66,3.09,88.6,120,38.23,58.44
1593600286,1,1,22.5,65,24.7,73,25.2,66,3.27,88.6,120,38.23,58.44
1593600288,1,1,22.5,65,24.7,73,25.2,66,3.36,95.17,120,37.73,58.44
1593600291,1,1,22.5,65,24.7,73,25.2,66,3.45,88.6,120,37.73,57.6
1593600293,1,1,22.5,65,24.7,73,25.2,66,3.36,88.6,120,37.73,57.6
1593600295,1,1,22.5,65,24.7,73,25.2,66,3.55,88.6,120,37.73,57.6
1593600297,1,1,22.5,65,24.7,73,25.2,66,3.36,88.6,120,37.73,57.6
1593600299,1,1,22.5,65,24.7,73,25.2,67,3.45,88.6,120,37.25,57.6
1593600301,1,1,22.5,65,24.7,73,25.2,66,3.64,88.6,120,37.73,57.6
1593600303,1,1,22.5,65,24.7,73,25.2,66,3.45,91.71,120,37.25,57.6
1593600305,1,1,22.5,65,24.7,73,25.2,66,3.64,88.6,120,37.73,56.75
1593600308,1,1,22.5,65,24.7,73,25.2,66,3.55,88.6,120,37.25,56.75
1593600310,1,1,22.5,65,24.7,73,25.2,66,3.45,88.6,120,37.25,56.75
1593600312,1,1,22.5,65,24.7,73,25.2,66,3.01,88.6,120,37.25,56.75
1593600314,1,1,22.5,65,24.7,73,25.2,66,2.84,88.6,120,37.25,56.75
1593600316,1,1,22.5,65,24.7,73,25.2,66,3.36,91.71,120,37.73,56.75
1593600318,1,1,22.5,65,24.7,73,25.2,66,3.45,88.6,120,37.73,56.75
1593600320,1,1,22.5,65,24.7,73,25.2,66,3.27,88.6,120,37.25,55.91
1593600323,1,1,22.5,65,24.7,73,25.2,66,3.27,88.6,120,37.25,55.91
1593600325,1,1,22.5,65,24.7,73,25.2,66,3.27,88.6,120,37.25,55.91
1593600327,1,1,22.5,65,24.7,73,25.2,66,3.45,91.71,120,37.25,55.91
1593600329,1,1,22.5,65,24.7,73,25.2,66,3.18,88.6,120,37.25,55.91
1593600331,1,1,22.5,65,24.7,73,25.2,66,3.36,88.6,120,37.25,55.91
1593600333,1,1,22.5,65,24.7,73,25.2,66,3.31,95.17,120,37.25,55.91
1593600335,1,1,22.5,65,24.7,73,25.2,66,2.96,198.87,120,37.25,55.91
1593600338,1,1,22.5,65,24.7,73,25.2,66,3.5,99.05,0,36.77,54.22
1593600340,1,1,22.5,65,24.7,73,25.2,66,3.73,88.6,0,36.77,54.22
1593600342,1,1,22.5,65,24.7,73,25.2,66,3.4,91.71,120,37.25,55.07
1593600344,1,1,22.6,65,24.7,73,25.2,66,3.59,95.17,120,37.25,55.07
1593600346,1,1,22.6,65,24.7,73,25.2,66,3.69,91.71,120,37.25,55.07
1593600348,1,1,22.6,65,24.7,73,25.2,66,3.31,88.6,120,36.77,54.22
1593600350,1,1,22.6,65,24.7,73,25.2,66,3.4,88.6,120,36.77,54.22
1593600353,1,1,22.6,65,24.7,73,25.2,66,3.09,88.6,120,36.77,54.22
1593600355,1,1,22.6,65,24.7,73,25.2,66,3.18,88.6,120,36.77,54.22
1593600357,1,1,22.5,65,24.7,73,25.2,66,3.32,88.6,120,36.77,54.22
1593600359,1,1,22.5,65,24.7,73,25.2,66,3.14,88.6,120,36.77,54.22
1593600361,1,1,22.5,65,24.7,73,25.2,66,3.5,88.6,120,36.77,54.22
1593600363,1,1,22.5,65,24.7,73,25.2,66,3.14,88.6,120,36.77,54.22
1593600365,1,1,22.4,65,24.7,72,25.2,66,3.41,88.6,120,36.77,53.38
1593600368,1,1,22.4,65,24.7,72,25.2,66,3.5,88.6,120,36.77,53.38
1593600370,1,1,22.4,65,24.7,72,25.2,66,3.5,88.6,120,36.77,53.38
1593600372,1,1,22.4,65,24.7,73,25.2,66,3.41,91.71,120,36.77,53.38
1593600374,1,1,22.4,65,24.7,73,25.2,66,3.23,88.6,120,36.29,53.38
1593600376,1,1,22.4,65,24.7,73,25.2,66,3.6,88.6,120,36.29,53.38
1593600378,1,1,22.4,65,24.7,73,25.2,66,3.6,88.6,120,36.77,52.53
1593600380,1,1,22.4,65,24.7,73,25.2,66,3.05,91.71,120,36.29,52.53
1593600383,1,1,22.4,65,24.7,73,25.2,66,3.45,88.6,120,36.29,52.53
1593600385,1,1,22.4,65,24.7,73,25.2,66,3.27,91.71,120,36.29,52.53
1593600387,1,1,22.4,65,24.7,73,25.2,66,3.45,91.71,120,36.29,52.53
1593600389,1,1,22.4,65,24.7,73,25.2,66,3.36,88.6,120,36.29,51.69
1593600391,1,1,22.4,65,24.7,73,25.2,66,3.36,88.6,120,36.29,51.69
1593600393,1,1,22.4,65,24.7,73,25.2,65,3.55,88.6,120,36.29,51.69
1593600395,1,1,22.4,65,24.7,73,25.2,66,3.64,88.6,120,36.29,51.69
1593600398,1,1,22.4,65,24.7,73,25.2,66,3.74,88.6,120,36.29,51.69
1593600400,1,1,22.5,65,24.7,73,25.2,66,3.45,88.6,120,36.29,51.69
1593600402,1,1,22.4,65,24.7,73,25.2,66,3.09,143.87,120,36.29,51.69
1593600404,1,1,22.5,65,24.7,73,25.2,66,3.88,88.6,0,35.83,50.84
1593600406,1,1,22.5,65,24.7,73,25.2,66,3.27,88.6,120,36.29,50.84
1593600408,1,1,22.5,65,24.7,73,25.2,66,3.45,88.6,120,35.83,50.84
1593600410,1,1,22.5,65,24.7,73,25.2,66,3.45,88.6,120,35.83,50.84
1593600413,1,1,22.5,65,24.7,73,25.2,66,3.18,91.71,120,35.83,50.84
1593600415,1,1,22.5,65,24.7,73,25.2,66,3.36,91.71,120,35.83,50.84
1593600417,1,1,22.5,65,24.7,73,25.2,66,3.55,88.6,120,35.83,50
1593600419,1,1,22.5,65,24.7,73,25.2,66,3.55,91.71,120,35.37,50
1593600421,1,1,22.5,65,24.7,73,25.2,66,3.27,88.6,120,35.37,50
1593600423,1,1,22.5,65,24.7,73,25.2,66,3.01,95.17,120,35.37,50
1593600425,1,1,22.5,65,24.7,73,25.2,66,3.36,88.6,120,35.37,50
1593600428,1,1,22.5,65,24.7,73,25.2,65,3.55,91.71,120,35.83,50
1593600430,1,1,22.5,65,24.7,73,25.2,66,3.22,88.6,120,35.83,49.16
1593600432,1,1,22.5,65,24.7,73,25.2,66,2.96,88.6,120,35.83,49.16
1593600434,1,1,22.5,65,24.7,73,25.2,66,2.96,88.6,120,35.83,49.16
1593600436,1,1,22.5,65,24.7,73,25.2,66,3.18,91.71,120,35.83,49.16
1593600438,1,1,22.5,65,24.7,73,25.2,65,3.27,91.71,120,36.29,49.16
1593600440,1,1,22.5,65,24.7,73,25.2,66,3.41,91.71,120,35.83,48.31
1593600443,1,1,22.5,65,24.7,72,25.2,65,3.23,91.71,120,35.83,48.31
1593600445,1,1,22.4,65,24.7,72,25.2,66,3.41,91.71,120,35.83,48.31
1593600447,1,1,22.4,65,24.7,72,25.2,65,3.05,91.71,120,35.83,48.31
1593600449,1,1,22.4,65,24.7,72,25.2,65,3.23,91.71,120,35.83,48.31
1593600451,1,1,22.4,65,24.7,72,25.2,65,2.8,91.71,120,35.83,48.31
1593600453,1,1,22.4,65,24.7,72,25.2,66,3.45,91.71,120,35.83,47.47
1593600455,1,1,22.4,65,24.7,72,25.2,65,3.45,91.71,120,35.83,47.47
1593600458,1,1,22.4,65,24.7,72,25.2,65,3.27,91.71,120,35.83,47.47
1593600460,1,1,22.4,65,24.7,72,25.2,65,3.32,91.71,120,35.83,47.47
1593600462,1,1,22.4,65,24.7,72,25.2,65,3.41,91.71,120,36.29,46.62
1593600464,1,1,22.4,65,24.7,72,25.2,65,3.41,91.71,120,36.29,46.62
1593600466,1,1,22.4,65,24.7,72,25.2,65,3.41,91.71,120,36.29,46.62
1593600468,1,1,22.4,65,24.7,72,25.2,65,3.55,91.71,120,36.29,46.62
1593600470,1,1,22.4,65,24.7,72,25.2,65,3.55,91.71,120,35.83,46.62
1593600473,1,1,22.4,65,24.7,72,25.2,65,2.92,91.71,120,36.29,46.62
1593600475,1,1,22.4,65,24.7,72,25.2,65,3.36,91.71,120,36.29,46.62
1593600477,1,1,22.4,65,24.7,72,25.2,65,3.27,91.71,120,35.83,45.78
1593600479,1,1,22.4,65,24.7,72,25.2,65,3.18,91.71,120,35.83,45.78
1593600481,1,1,22.4,65,24.7,72,25.2,66,3.27,91.71,120,35.83,45.78
1593600483,1,1,22.5,65,24.7,72,25.2,66,3.18,99.05,120,35.83,45.78
1593600485,1,1,22.5,65,24.7,72,25.2,66,3.27,91.71,120,35.83,45.78
1593600487,1,1,22.5,65,24.7,72,25.2,66,3.45,91.71,120,35.83,44.93
1593600490,1,1,22.5,65,24.7,72,25.2,66,3.36,91.71,120,35.83,44.93
1593600492,1,1,22.5,65,24.7,72,25.2,66,3.45,91.71,120,35.83,44.93
1593600494,1,1,22.5,65,24.7,72,25.2,65,3.45,91.71,120,36.29,44.93
1593600496,1,1,22.5,65,24.7,72,25.2,65,2.92,91.71,120,36.29,44.93
1593600498,1,1,22.5,65,24.7,72,25.2,66,3.55,91.71,120,36.29,44.09
1593600500,1,1,22.5,65,24.7,72,25.2,65,3.5,99.05,120,35.83,44.09
1593600502,1,1,22.5,65,24.7,72,25.2,65,3.36,91.71,120,36.29,44.09
1593600505,1,1,22.5,65,24.7,72,25.2,66,3.55,95.17,120,36.29,44.09
1593600507,1,1,22.5,65,24.7,72,25.2,65,2.84,91.71,120,36.29,44.09
1593600509,1,1,22.5,65,24.7,72,25.2,66,3.22,91.71,120,36.29,43.24
1593600511,1,1,22.5,65,24.7,72,25.2,66,2.92,91.71,120,36.29,43.24
1593600513,1,1,22.5,65,24.7,72,25.2,66,3.31,91.71,120,36.29,43.24
1593600515,1,1,22.5,65,24.7,72,25.2,65,3.55,91.71,120,36.29,43.24
1593600517,1,1,22.5,65,24.7,72,25.2,65,3.27,91.71,120,36.77,42.4
1593600520,1,1,22.5,65,24.7,72,25.2,65,3.36,95.17,120,36.77,42.4
1593600522,1,1,22.5,65,24.7,72,25.2,65,3.27,95.17,120,36.77,42.4
1593600524,1,1,22.5,65,24.7,72,25.2,65,3.18,91.71,120,36.77,42.4
1593600526,1,1,22.5,65,24.7,72,25.2,66,3.27,95.17,120,36.77,42.4
1593600528,1,1,22.5,65,24.7,72,25.2,66,3.55,95.17,120,36.77,42.4
1593600530,1,1,22.5,65,24.7,72,25.2,65,3.45,91.71,120,36.29,41.56
1593600532,1,1,22.5,65,24.7,72,25.2,65,3.09,91.71,120,36.77,41.56
1593600535,1,1,22.5,65,24.7,72,25.2,65,3.55,91.71,120,36.77,41.56
1593600537,1,1,22.5,65,24.7,72,25.2,65,3.01,95.17,120,36.77,41.56
1593600539,1,1,22.5,65,24.7,72,25.2,65,3.55,91.71,120,36.77,40.71
1593600541,1,1,22.5,65,24.7,72,25.2,66,3.55,95.17,120,36.77,40.71
1593600543,1,1,22.5,65,24.7,72,25.2,66,3.64,95.17,120,36.77,40.71
1593600545,1,1,22.5,65,24.7,72,25.2,65,3.01,95.17,120,37.25,40.71
1593600547,1,1,22.5,65,24.7,72,25.2,65,3.55,95.17,120,36.77,40.71
1593600550,1,1,22.5,65,24.7,72,25.2,65,3.36,95.17,120,36.77,40.71
1593600552,1,1,22.5,65,24.7,72,25.2,65,3.74,95.17,120,36.77,39.87
1593600554,1,1,22.5,65,24.7,72,25.2,65,3.55,95.17,120,36.77,39.87
1593600556,1,1,22.5,65,24.7,72,25.2,65,3.36,95.17,120,36.77,39.87
1593600558,1,1,22.5,65,24.7,72,25.2,65,3.27,95.17,120,36.77,39.87
1593600560,1,1,22.5,65,24.7,72,25.2,65,3.01,95.17,120,36.77,39.02
1593600562,1,1,22.5,65,24.7,72,25.2,65,3.09,95.17,120,36.77,39.02
1593600565,1,1,22.5,65,24.7,72,25.2,65,3.36,95.17,120,37.25,39.02
1593600567,1,1,22.5,65,24.7,72,25.2,65,3.27,95.17,120,37.25,39.02
1593600569,1,1,22.5,65,24.7,72,25.2,65,3.01,95.17,120,37.25,39.02
1593600571,1,1,22.5,65,24.7,72,25.2,65,3.18,95.17,120,37.25,38.18
1593600573,1,1,22.5,65,24.7,72,25.2,65,3.18,95.17,120,37.73,38.18
1593600575,1,1,22.5,65,24.7,72,25.2,65,3.09,95.17,120,37.73,38.18
1593600577,1,1,22.5,65,24.7,72,25.2,65,3.36,95.17,120,37.25,37.33
1593600580,1,1,22.5,65,24.7,72,25.2,65,3.36,95.17,120,37.25,37.33
1593600582,1,1,22.5,65,24.7,72,25.2,65,3.27,95.17,120,37.25,37.33
1593600584,1,1,22.5,65,24.7,72,25.2,65,3.64,95.17,120,37.25,37.33
1593600586,1,1,22.5,65,24.7,72,25.2,65,3.09,95.17,120,37.25,37.33
1593600588,1,1,22.5,65,24.7,72,25.2,65,3.18,95.17,120,37.25,36.49
1593600590,1,1,22.5,65,24.7,72,25.2,65,3.27,95.17,120,37.73,36.49
1593600592,1,1,22.5,65,24.7,72,25.2,65,3.45,95.17,120,37.73,35.64
1593600595,1,1,22.5,65,24.7,72,25.2,65,3.27,95.17,120,37.73,35.64
1593600597,1,1,22.5,65,24.7,72,25.2,65,3.45,95.17,120,37.73,35.64
1593600599,1,1,22.5,65,24.7,72,25.2,65,3.64,95.17,120,37.73,34.8
1593600601,1,1,22.5,65,24.7,72,25.2,65,3.55,95.17,120,37.73,34.8
1593600603,1,1,22.5,65,24.7,72,25.2,65,3.64,95.17,120,37.25,34.8
1593600605,1,1,22.5,65,24.7,72,25.2,65,3.55,95.17,120,37.73,33.96
1593600607,1,1,22.5,65,24.7,72,25.2,65,3.36,95.17,120,37.25,33.96
1593600610,1,1,22.5,65,24.7,72,25.2,65,3.18,95.17,120,37.25,33.96
1593600612,1,1,22.5,65,24.7,72,25.2,65,2.68,95.17,120,37.73,33.96
1593600614,1,1,22.5,65,24.7,72,25.2,65,3.74,95.17,120,37.73,33.11
1593600616,1,1,22.5,65,24.7,72,25.2,65,3.36,95.17,120,37.73,33.11
1593600618,1,1,22.5,65,24.7,72,25.2,65,3.45,99.05,120,37.73,32.27
1593600620,1,1,22.5,65,24.7,72,25.2,65,3.09,95.17,120,37.73,32.27
1593600622,1,1,22.5,65,24.7,72,25.2,65,3.01,95.17,120,37.73,32.27
1593600625,1,1,22.5,65,24.7,72,25.2,65,3.45,95.17,120,37.73,31.42
1593600627,1,1,22.5,65,24.7,72,25.2,65,3.45,95.17,120,37.73,31.42
1593600629,1,1,22.4,65,24.7,72,25.2,65,3.64,198.87,120,37.73,30.58
1593600631,1,1,22.5,65,24.7,72,25.2,65,3.5,95.17,0,37.73,29.73
1593600633,1,1,22.4,65,24.7,72,25.2,65,3.59,108.58,0,37.25,28.89
1593600635,1,1,22.4,65,24.7,72,25.2,65,3.22,95.17,0,37.73,28.89
1593600637,1,1,22.4,65,24.7,72,25.2,65,3.55,99.05,0,37.73,28.05
1593600640,1,1,22.4,65,24.7,72,25.2,65,4.04,103.47,0,37.25,28.05
1593600642,1,1,22.4,65,24.7,72,25.2,65,3.74,95.17,0,37.25,27.2
1593600644,1,1,22.4,65,24.7,72,25.2,65,3.64,95.17,0,37.25,26.36
1593600646,1,1,22.4,65,24.7,72,25.2,65,3.36,95.17,0,37.25,26.36
1593600648,1,1,22.4,65,24.7,71,25.2,65,3.27,95.17,0,36.77,25.51
1593600650,1,1,22.4,65,24.7,71,25.2,65,3.55,95.17,0,36.77,25.51
1593600652,1,1,22.4,65,24.7,71,25.2,65,3.55,95.17,0,36.29,24.67
1593600654,1,1,22.5,65,24.7,71,25.2,65,3.45,95.17,0,35.83,23.82
1593600657,1,1,22.5,65,24.7,71,25.2,65,3.31,95.17,0,35.83,22.98
1593600659,1,1,22.5,65,24.7,71,25.2,65,3.59,95.17,0,35.37,22.98
1593600661,1,1,22.5,65,24.7,71,25.2,65,3.69,91.71,0,35.37,22.13
1593600663,1,1,22.5,65,24.7,71,25.2,64,3.5,91.71,0,35.37,21.29
1593600665,1,1,22.5,65,24.7,71,25.2,64,3.4,95.17,0,35.37,21.29
1593600667,1,1,22.5,65,24.7,70,25.2,64,3.4,91.71,0,34.93,20.45
1593600669,1,1,22.5,65,24.7,70,25.2,64,3.31,88.6,0,34.93,19.6
1593600672,1,1,22.5,65,24.7,70,25.2,64,3.13,91.71,120,34.93,19.6
1593600674,1,1,22.5,65,24.7,70,25.2,64,3.5,88.6,120,34.93,19.6
1593600676,1,1,22.5,65,24.7,70,25.2,64,3.88,88.6,120,34.93,18.76
1593600678,1,1,22.6,65,24.7,70,25.2,63,3.13,88.6,120,34.49,18.76
1593600680,1,1,22.6,65,24.7,70,25.2,63,3.04,88.6,120,34.93,17.91
1593600682,1,1,22.6,65,24.7,70,25.2,63,3.5,88.6,120,34.49,17.07
1593600685,1,1,22.6,65,24.7,70,25.2,63,3.22,88.6,120,34.49,17.07
1593600687,1,1,22.6,65,24.7,69,25.2,63,3.04,88.6,120,34.93,16.22
1593600689,1,1,22.6,65,24.7,70,25.2,63,3.5,88.6,120,34.93,15.38
1593600691,1,1,22.6,65,24.7,69,25.2,63,3.4,88.6,120,34.93,15.38
1593600693,1,1,22.6,65,24.7,70,25.2,63,3.63,85.78,120,34.93,14.53
1593600695,1,1,22.6,65,24.7,69,25.2,63,3.54,85.78,120,34.93,13.69
1593600697,1,1,22.7,65,24.7,70,25.2,63,3.44,85.78,120,34.93,12.85
1593600699,1,1,22.6,65,24.7,70,25.2,63,3.54,85.78,120,35.37,12
1593600702,1,1,22.7,64,24.7,69,25.2,63,3.26,88.6,120,35.37,11.16
1593600704,1,1,22.7,64,24.7,69,25.2,63,3.54,88.6,120,35.37,11.16
1593600706,1,1,22.7,64,24.6,69,25.2,63,3.44,85.78,120,35.83,10.31
1593600708,1,1,22.7,65,24.7,70,25.2,63,3.5,88.6,120,35.83,9.47
1593600710,1,1,22.6,64,24.6,70,25.2,63,3.31,88.6,120,35.83,8.62
1593600712,1,1,22.6,65,24.7,69,25.2,63,3.22,88.6,120,36.29,7.78
1593600714,1,1,22.7,65,24.7,70,25.2,63,3.59,88.6,120,36.29,6.94
1593600717,1,1,22.7,64,24.6,70,25.2,63,3.59,88.6,120,36.29,6.09
1593600719,1,1,22.7,65,24.7,70,25.2,63,3.4,88.6,120,36.77,6.09
1593600721,1,1,22.7,64,24.7,70,25.2,63,3.69,88.6,120,36.77,5.25
1593600723,1,1,22.7,64,24.7,70,25.2,63,3.4,88.6,120,36.77,4.4
1593600725,1,1,22.7,65,24.6,70,25.2,63,3.69,88.6,120,36.77,3.56
1593600727,1,1,22.6,64,24.6,70,25.2,63,3.79,88.6,120,37.25,2.71
1593600729,1,1,22.6,65,24.6,70,25.2,63,3.5,88.6,120,37.25,1.87
1593600732,1,1,22.6,65,24.6,70,25.2,63,3.09,88.6,120,37.25,1.87
1593600734,1,1,22.6,65,24.6,70,25.2,63,3.01,88.6,120,37.73,1.02
1593600736,1,1,22.6,65,24.6,70,25.2,63,3.27,88.6,120,37.73,0.18
1593600738,1,1,22.6,65,24.6,70,25.2,63,3.5,91.71,120,37.73,-0.66
1593600740,1,1,22.6,65,24.6,70,25.2,63,3.22,88.6,120,37.73,-1.51
1593600742,1,1,22.6,65,24.6,70,25.2,63,3.5,88.6,120,37.73,-2.35
1593600744,1,1,22.6,65,24.7,70,25.2,63,3.59,91.71,120,38.23,-3.2
